{
  "equilibrium_percentage": 0.5497685185185185,
  "status_counts": {
    "equilibrium": 19,
    "unstable": 3433,
    "growth": 4
  },
  "equilibrium_ranges": {
    "reproduction_rate": {
      "min": 0.08636363636363636,
      "max": 0.4318181818181819,
      "values": [
        0.08636363636363636,
        0.1772727272727273,
        0.21363636363636368,
        0.21666666666666667,
        0.23181818181818187,
        0.2681818181818182,
        0.25,
        0.25,
        0.359091,
        0.359091,
        0.413636,
        0.413636,
        0.268182,
        0.286364,
        0.304545,
        0.340909,
        0.377273,
        0.395455
      ]
    },
    "trust_increase": {
      "min": 0.027363636363636364,
      "max": 0.3,
      "values": [
        0.027363636363636364,
        0.10006666666666668,
        0.10915454545454546,
        0.16368181818181818,
        0.27273636363636367,
        0.0818909090909091,
        0.054627,
        0.218209,
        0.163682,
        0.272736,
        0.027364,
        0.3,
        0.081891,
        0.109155,
        0.136418,
        0.163682,
        0.218209,
        0.3
      ]
    },
    "imitation_radius": {
      "min": 0.14545454545454548,
      "max": 1.5,
      "values": [
        0.14545454545454548,
        0.4163636363636364,
        0.6872727272727274,
        1.2290909090909092,
        1.3645454545454547,
        1.5,
        1.2290909090909092,
        0.280909,
        1.229091,
        0.687273,
        1.229091,
        0.280909,
        1.364545,
        0.145455,
        0.416364,
        0.551818,
        0.687273,
        1.093636,
        1.229091
      ]
    }
  },
  "best_parameters": {
    "reproduction_rate": 0.2681818181818182,
    "trust_increase": 0.0818909090909091,
    "imitation_radius": 1.2290909090909092,
    "equilibrium_reached": true,
    "equilibrium_value": 312.88,
    "time_to_equilibrium": 125.0,
    "status": "equilibrium"
  },
  "datasets": {
    "original": {
      "reproduction_rate_range": "0.05-0.25",
      "equilibrium_count": 6,
      "total_combinations": 1728
    },
    "friend": {
      "reproduction_rate_range": "0.25-0.45",
      "equilibrium_count": 13,
      "total_combinations": 1728
    }
  }
}