time,average_trust,cooperation_rate
0,0.49105263157894735,0.41020408163265304
1,0.4792105263157895,0.41020408163265304
2,0.4705263157894737,0.41020408163265304
3,0.4639473684210526,0.41020408163265304
4,0.45105263157894737,0.41020408163265304
5,0.43973684210526315,0.41020408163265304
6,0.4284210526315789,0.41020408163265304
7,0.4236842105263158,0.41020408163265304
8,0.4192105263157895,0.41020408163265304
