{
  "equilibrium_percentage": 0.3472222222222222,
  "status_counts": {
    "unstable": 1718,
    "equilibrium": 6,
    "growth": 4
  },
  "equilibrium_ranges": {
    "reproduction_rate": {
      "min": 0.08636363636363636,
      "max": 0.23181818181818187,
      "values": [
        0.08636363636363636,
        0.1772727272727273,
        0.21363636363636368,
        0.21666666666666667,
        0.23181818181818187
      ]
    },
    "trust_increase": {
      "min": 0.027363636363636364,
      "max": 0.27273636363636367,
      "values": [
        0.027363636363636364,
        0.10006666666666668,
        0.10915454545454546,
        0.16368181818181818,
        0.27273636363636367
      ]
    },
    "imitation_radius": {
      "min": 0.14545454545454548,
      "max": 1.5,
      "values": [
        0.14545454545454548,
        0.4163636363636364,
        0.6872727272727274,
        1.2290909090909092,
        1.3645454545454547,
        1.5
      ]
    }
  },
  "best_parameters": {
    "reproduction_rate": 0.21363636363636368,
    "trust_increase": 0.27273636363636367,
    "imitation_radius": 1.3645454545454547,
    "equilibrium_reached": true,
    "equilibrium_value": 308.6521739130435,
    "time_to_equilibrium": 327.0,
    "status": "equilibrium"
  }
}